Entity,Code,Year,Value
APSCO,,2023,1
Algeria,DZA,2002,1
Angola,AGO,2017,1
Argentina,ARG,1990,1
Armenia,ARM,2022,1
Australia,AUS,1967,1
Azerbaijan,AZE,2013,1
Bangladesh,BGD,2017,1
Belarus,BLR,2012,1
Bhutan,BTN,2018,1
Bolivia,BOL,2013,1
Brazil,BRA,1985,1
Bulgaria,BGR,2017,1
Canada,CAN,1962,1
Chile,CHL,1995,1
China,CHN,1970,1
Colombia,COL,2007,1
Costa Rica,CRI,2018,1
Czechia,CZE,1978,1
Denmark,DNK,1999,1
Djibouti,DJI,2023,1
EUMETSAT,,1989,1
Egypt,EGY,1998,1
Estonia,EST,2013,1
Ethiopia,ETH,2019,1
Eutelsat,,1983,1
Finland,FIN,2017,1
Germany,DEU,1969,1
Ghana,GHA,2017,1
Greece,GRC,2003,1
Guatemala,GTM,2020,1
Hungary,HUN,2012,1
India,IND,1975,1
Indonesia,IDN,1976,1
Intelsat,,1965,1
Intersputnik,,1999,1
Iran,IRN,2005,1
Ireland,IRL,2023,1
Israel,ISR,1988,1
Japan,JPN,1970,1
Jordan,JOR,2018,1
Kazakhstan,KAZ,2006,1
Kenya,KEN,2018,1
Kuwait,KWT,2023,1
Laos,LAO,2015,1
Latvia,LVA,2017,1
Luxembourg,LUX,1988,1
Mauritius,MUS,2021,1
Moldova,MDA,2022,1
Monaco,MCO,2020,1
Mongolia,MNG,2017,1
Morocco,MAR,2001,1
NATO,,1970,1
Nepal,NPL,2019,1
Netherlands,NLD,1974,1
New Zealand,NZL,2018,1
Nigeria,NGA,2003,1
North Korea,PRK,2012,1
Norway,NOR,1997,1
Pakistan,PAK,1990,1
Papua New Guinea,PNG,2014,1
Paraguay,PRY,2021,1
Philippines,PHL,1997,1
Poland,POL,2012,1
Portugal,PRT,1993,1
Qatar,QAT,2018,1
RASCOM,,2007,1
Romania,ROU,2012,1
Rwanda,RWA,2021,1
Sea Launch,,1999,1
Singapore,SGP,1998,1
Slovakia,SVK,2017,1
South Africa,ZAF,1999,1
South Korea,KOR,1992,1
Spain,ESP,1974,1
Sri Lanka,LKA,2019,1
Sweden,SWE,1986,1
Switzerland,CHE,2009,1
Taiwan,TWN,1999,1
Thailand,THA,1993,1
Tunisia,TUN,2021,1
Turkey,TUR,1994,1
Turkmenistan,TKM,2015,1
Uganda,UGA,2022,1
Ukraine,UKR,1995,1
United Arab Emirates,ARE,2000,1
United Kingdom,GBR,1962,1
Uruguay,URY,2014,1
Vietnam,VNM,2008,1
Zimbabwe,ZWE,2022,1
Algeria,DZA,2010,2
Angola,AGO,2022,2
Arabsat,,1985,2
Australia,AUS,1970,2
Austria,AUT,2013,2
Azerbaijan,AZE,2014,2
Bangladesh,BGD,2018,2
Belarus,BLR,2016,2
Brazil,BRA,1986,2
Bulgaria,BGR,2018,2
Canada,CAN,1965,2
Chile,CHL,1998,2
China,CHN,1971,2
Colombia,COL,2018,2
Czechia,CZE,1989,2
EUMETSAT,,1991,2
Ecuador,ECU,2013,2
Egypt,EGY,2000,2
Estonia,EST,2019,2
European Union,,2014,2
Eutelsat,,1984,2
Germany,DEU,1970,2
Greece,GRC,2017,2
India,IND,1979,2
Indonesia,IDN,1977,2
Intelsat,,1966,2
Iran,IRN,2009,2
Israel,ISR,1990,2
Italy,ITA,1964,2
Kazakhstan,KAZ,2011,2
Lithuania,LTU,2014,2
Luxembourg,LUX,1991,2
Malaysia,MYS,1996,2
Mexico,MEX,1985,2
Morocco,MAR,2017,2
NATO,,1971,2
Netherlands,NLD,2008,2
New Zealand,NZL,2019,2
North Korea,PRK,2016,2
Norway,NOR,1998,2
Pakistan,PAK,2001,2
Papua New Guinea,PNG,2015,2
Peru,PER,2013,2
Philippines,PHL,2016,2
Poland,POL,2013,2
RASCOM,,2010,2
Russia,RUS,1957,2
Saudi Arabia,SAU,2000,2
Slovakia,SVK,2021,2
Slovenia,SVN,2020,2
South Africa,ZAF,2009,2
South Korea,KOR,1993,2
Spain,ESP,1992,2
Starsem,,2000,2
Switzerland,CHE,2010,2
Taiwan,TWN,2004,2
Thailand,THA,1994,2
Turkey,TUR,1996,2
United Arab Emirates,ARE,2003,2
United Kingdom,GBR,1964,2
Venezuela,VEN,2008,2
Arabsat,,1992,3
Austria,AUT,2017,3
Azerbaijan,AZE,2018,3
Belarus,BLR,2018,3
Belgium,BEL,2014,3
Brazil,BRA,1990,3
Bulgaria,BGR,2021,3
Canada,CAN,1969,3
Chile,CHL,2011,3
China,CHN,1974,3
Colombia,COL,2023,3
Czechia,CZE,1991,3
Denmark,DNK,2003,3
EUMETSAT,,1993,3
Egypt,EGY,2007,3
Estonia,EST,2020,3
Eutelsat,,1987,3
France,FRA,1965,3
Germany,DEU,1972,3
Greece,GRC,2019,3
Hungary,HUN,2019,3
India,IND,1980,3
Indonesia,IDN,1983,3
Inmarsat,,1976,3
Iran,IRN,2011,3
Israel,ISR,1995,3
Italy,ITA,1967,3
Japan,JPN,1971,3
Luxembourg,LUX,1993,3
Malaysia,MYS,2000,3
Mexico,MEX,1993,3
Morocco,MAR,2018,3
NATO,,1976,3
Nigeria,NGA,2011,3
North Korea,PRK,2023,3
Norway,NOR,2005,3
Pakistan,PAK,2011,3
Peru,PER,2014,3
Poland,POL,2014,3
Russia,RUS,1958,3
Saudi Arabia,SAU,2002,3
Singapore,SGP,2011,3
Slovenia,SVN,2022,3
South Africa,ZAF,2013,3
South Korea,KOR,1995,3
Spain,ESP,1993,3
Switzerland,CHE,2018,3
Thailand,THA,1997,3
Turkey,TUR,2001,3
Ukraine,UKR,2004,3
United Arab Emirates,ARE,2008,3
United Kingdom,GBR,1967,3
Uruguay,URY,2016,3
Venezuela,VEN,2012,3
Vietnam,VNM,2012,3
Argentina,ARG,1996,4
Australia,AUS,1985,4
Belarus,BLR,2023,4
Belgium,BEL,2016,4
Brazil,BRA,1993,4
Bulgaria,BGR,2022,4
Canada,CAN,1971,4
Chile,CHL,2017,4
Czechia,CZE,1995,4
Denmark,DNK,2008,4
EUMETSAT,,1997,4
Egypt,EGY,2010,4
Eutelsat,,1990,4
France,FRA,1966,4
Indonesia,IDN,1984,4
Inmarsat,,1981,4
Iran,IRN,2012,4
Israel,ISR,1996,4
Italy,ITA,1971,4
Japan,JPN,1972,4
Lithuania,LTU,2019,4
Luxembourg,LUX,1994,4
Malaysia,MYS,2006,4
Mexico,MEX,1994,4
NATO,,1984,4
Nigeria,NGA,2017,4
Norway,NOR,2008,4
Pakistan,PAK,2013,4
Peru,PER,2016,4
Philippines,PHL,2018,4
Poland,POL,2018,4
Rwanda,RWA,2023,4
Singapore,SGP,2013,4
South Africa,ZAF,2014,4
South Korea,KOR,1996,4
Spain,ESP,1995,4
Sweden,SWE,1989,4
Switzerland,CHE,2019,4
Thailand,THA,1998,4
Turkey,TUR,2003,4
Ukraine,UKR,2010,4
United Arab Emirates,ARE,2009,4
Uruguay,URY,2017,4
Venezuela,VEN,2017,4
Algeria,DZA,2016,5
Arabsat,,1996,5
Argentina,ARG,1997,5
Australia,AUS,1987,5
Brazil,BRA,1994,5
Czechia,CZE,1996,5
Egypt,EGY,2014,5
European Space Agency,,1968,5
Finland,FIN,2018,5
Greece,GRC,2022,5
Hungary,HUN,2021,5
Indonesia,IDN,1987,5
Inmarsat,,1984,5
Intelsat,,1967,5
Iran,IRN,2015,5
Israel,ISR,1998,5
Italy,ITA,1974,5
Japan,JPN,1974,5
Kazakhstan,KAZ,2014,5
Luxembourg,LUX,1995,5
Mexico,MEX,1996,5
NATO,,1991,5
Norway,NOR,2009,5
South Africa,ZAF,2018,5
Spain,ESP,1997,5
Sweden,SWE,1992,5
Switzerland,CHE,2020,5
Thailand,THA,2005,5
Turkey,TUR,2008,5
United Arab Emirates,ARE,2011,5
United Kingdom,GBR,1969,5
Vietnam,VNM,2013,5
Algeria,DZA,2017,6
Arabsat,,1999,6
Argentina,ARG,1998,6
Australia,AUS,1990,6
Brazil,BRA,1995,6
Canada,CAN,1972,6
China,CHN,1975,6
Czechia,CZE,2003,6
Denmark,DNK,2013,6
EUMETSAT,,2002,6
Eutelsat,,1991,6
France,FRA,1967,6
India,IND,1981,6
Indonesia,IDN,1990,6
Inmarsat,,1990,6
Intelsat,,1968,6
Iran,IRN,2020,6
Israel,ISR,2000,6
Italy,ITA,1977,6
Kazakhstan,KAZ,2017,6
Lithuania,LTU,2020,6
Luxembourg,LUX,1996,6
Malaysia,MYS,2009,6
Mexico,MEX,1998,6
Netherlands,NLD,2013,6
Norway,NOR,2010,6
Pakistan,PAK,2018,6
Poland,POL,2019,6
Russia,RUS,1959,6
Saudi Arabia,SAU,2004,6
Singapore,SGP,2014,6
Spain,ESP,2000,6
Sweden,SWE,1995,6
Thailand,THA,2006,6
Turkey,TUR,2009,6
Ukraine,UKR,2011,6
United Arab Emirates,ARE,2012,6
United Kingdom,GBR,1970,6
Uruguay,URY,2018,6
Vietnam,VNM,2019,6
Chile,CHL,2022,7
Czechia,CZE,2019,7
Denmark,DNK,2014,7
EUMETSAT,,2005,7
European Space Agency,,1969,7
Eutelsat,,1992,7
Finland,FIN,2019,7
Germany,DEU,1974,7
Indonesia,IDN,1992,7
Israel,ISR,2002,7
Italy,ITA,1988,7
Japan,JPN,1975,7
Luxembourg,LUX,1997,7
Malaysia,MYS,2014,7
Mexico,MEX,2006,7
Netherlands,NLD,2017,7
Norway,NOR,2013,7
Philippines,PHL,2021,7
South Korea,KOR,1999,7
Spain,ESP,2002,7
Sweden,SWE,1997,7
Thailand,THA,2008,7
Turkey,TUR,2011,7
Ukraine,UKR,2013,7
United Arab Emirates,ARE,2013,7
United States,USA,1958,7
Arabsat,,2006,8
Argentina,ARG,2000,8
Australia,AUS,1992,8
Brazil,BRA,1998,8
Canada,CAN,1973,8
China,CHN,1976,8
Denmark,DNK,2015,8
EUMETSAT,,2006,8
European Union,,2015,8
Eutelsat,,1995,8
France,FRA,1970,8
India,IND,1982,8
Inmarsat,,1991,8
Iran,IRN,2022,8
Israel,ISR,2003,8
Italy,ITA,1991,8
Japan,JPN,1976,8
Luxembourg,LUX,1998,8
Norway,NOR,2014,8
Poland,POL,2021,8
South Africa,ZAF,2022,8
South Korea,KOR,2003,8
Spain,ESP,2004,8
Taiwan,TWN,2006,8
Thailand,THA,2014,8
Turkey,TUR,2012,8
Ukraine,UKR,2014,8
United Arab Emirates,ARE,2017,8
United Kingdom,GBR,1971,8
Arabsat,,2008,9
Australia,AUS,1994,9
Canada,CAN,1975,9
China,CHN,1978,9
Denmark,DNK,2016,9
Egypt,EGY,2019,9
Eutelsat,,1996,9
Finland,FIN,2020,9
Germany,DEU,1975,9
Indonesia,IDN,1996,9
Inmarsat,,1992,9
Intelsat,,1969,9
Iran,IRN,2023,9
Israel,ISR,2006,9
Italy,ITA,1992,9
Kazakhstan,KAZ,2018,9
Lithuania,LTU,2021,9
Luxembourg,LUX,1999,9
Malaysia,MYS,2018,9
Mexico,MEX,2011,9
Norway,NOR,2015,9
Philippines,PHL,2023,9
Russia,RUS,1960,9
South Africa,ZAF,2023,9
South Korea,KOR,2004,9
Spain,ESP,2006,9
Sweden,SWE,1998,9
Taiwan,TWN,2017,9
Thailand,THA,2016,9
Turkey,TUR,2013,9
Ukraine,UKR,2022,9
United Arab Emirates,ARE,2018,9
Argentina,ARG,2002,10
Australia,AUS,1998,10
Canada,CAN,1976,10
Czechia,CZE,2022,10
EUMETSAT,,2012,10
Egypt,EGY,2022,10
Eutelsat,,1997,10
France,FRA,1971,10
Germany,DEU,1976,10
India,IND,1983,10
Indonesia,IDN,1997,10
Israel,ISR,2007,10
Lithuania,LTU,2022,10
Malaysia,MYS,2022,10
Mexico,MEX,2012,10
Netherlands,NLD,2018,10
New Zealand,NZL,2020,10
Thailand,THA,2018,10
Turkey,TUR,2014,10
Ukraine,UKR,2023,10
United Arab Emirates,ARE,2019,10
Arabsat,,2010,11
Argentina,ARG,2007,11
Australia,AUS,2002,11
Canada,CAN,1978,11
Czechia,CZE,2023,11
Denmark,DNK,2018,11
EUMETSAT,,2015,11
France,FRA,1972,11
Indonesia,IDN,1999,11
Italy,ITA,1993,11
Luxembourg,LUX,2000,11
Malaysia,MYS,2023,11
Mexico,MEX,2013,11
South Korea,KOR,2006,11
Spain,ESP,2009,11
Sweden,SWE,2000,11
Thailand,THA,2019,11
Turkey,TUR,2015,11
Arabsat,,2011,12
Argentina,ARG,2011,12
Australia,AUS,2003,12
Brazil,BRA,1999,12
China,CHN,1981,12
Denmark,DNK,2019,12
EUMETSAT,,2018,12
Egypt,EGY,2023,12
Germany,DEU,1983,12
Indonesia,IDN,2000,12
Inmarsat,,1996,12
Intelsat,,1970,12
Israel,ISR,2008,12
Japan,JPN,1977,12
Lithuania,LTU,2023,12
Luxembourg,LUX,2001,12
Saudi Arabia,SAU,2007,12
Singapore,SGP,2015,12
Spain,ESP,2010,12
Sweden,SWE,2001,12
Thailand,THA,2020,12
Turkey,TUR,2016,12
United Kingdom,GBR,1974,12
Arabsat,,2015,13
Australia,AUS,2006,13
Brazil,BRA,2000,13
Canada,CAN,1982,13
China,CHN,1982,13
EUMETSAT,,2022,13
European Space Agency,,1972,13
Eutelsat,,1998,13
France,FRA,1974,13
Germany,DEU,1984,13
India,IND,1988,13
Indonesia,IDN,2005,13
Inmarsat,,1997,13
Israel,ISR,2010,13
Italy,ITA,1996,13
Mexico,MEX,2015,13
Netherlands,NLD,2021,13
Norway,NOR,2017,13
Saudi Arabia,SAU,2014,13
Singapore,SGP,2019,13
South Korea,KOR,2010,13
Spain,ESP,2012,13
Sweden,SWE,2007,13
Turkey,TUR,2018,13
United Arab Emirates,ARE,2020,13
Arabsat,,2019,14
Argentina,ARG,2013,14
Australia,AUS,2007,14
Canada,CAN,1983,14
China,CHN,1983,14
Denmark,DNK,2023,14
European Union,,2016,14
Eutelsat,,1999,14
Germany,DEU,1987,14
Indonesia,IDN,2007,14
Inmarsat,,1998,14
Intelsat,,1971,14
Israel,ISR,2011,14
Italy,ITA,1999,14
Luxembourg,LUX,2002,14
Mexico,MEX,2016,14
Netherlands,NLD,2022,14
New Zealand,NZL,2021,14
Norway,NOR,2021,14
Poland,POL,2022,14
South Korea,KOR,2012,14
Thailand,THA,2021,14
United Kingdom,GBR,1979,14
Arabsat,,2023,15
Australia,AUS,2009,15
Brazil,BRA,2004,15
Canada,CAN,1984,15
European Space Agency,,1975,15
Germany,DEU,1988,15
India,IND,1990,15
Indonesia,IDN,2012,15
Israel,ISR,2013,15
Luxembourg,LUX,2006,15
Mexico,MEX,2019,15
Poland,POL,2023,15
Saudi Arabia,SAU,2018,15
Spain,ESP,2013,15
Sweden,SWE,2010,15
Switzerland,CHE,2021,15
Taiwan,TWN,2019,15
Thailand,THA,2023,15
Argentina,ARG,2014,16
Australia,AUS,2014,16
Brazil,BRA,2007,16
Canada,CAN,1985,16
European Space Agency,,1977,16
India,IND,1991,16
Indonesia,IDN,2015,16
Intelsat,,1972,16
Japan,JPN,1978,16
Luxembourg,LUX,2007,16
Mexico,MEX,2020,16
Netherlands,NLD,2023,16
Russia,RUS,1961,16
Spain,ESP,2014,16
Turkey,TUR,2021,16
United Kingdom,GBR,1981,16
Argentina,ARG,2015,17
Australia,AUS,2015,17
Brazil,BRA,2008,17
China,CHN,1984,17
Eutelsat,,2000,17
Finland,FIN,2021,17
Germany,DEU,1989,17
Intelsat,,1973,17
Israel,ISR,2014,17
Italy,ITA,2000,17
Luxembourg,LUX,2008,17
Norway,NOR,2022,17
Saudi Arabia,SAU,2021,17
Singapore,SGP,2022,17
Spain,ESP,2016,17
Sweden,SWE,2012,17
Taiwan,TWN,2021,17
United Arab Emirates,ARE,2021,17
Argentina,ARG,2018,18
Australia,AUS,2016,18
Brazil,BRA,2009,18
Canada,CAN,1991,18
China,CHN,1985,18
European Space Agency,,1978,18
European Union,,2017,18
India,IND,1992,18
Indonesia,IDN,2016,18
Intelsat,,1974,18
Israel,ISR,2016,18
Italy,ITA,2001,18
Japan,JPN,1979,18
Mexico,MEX,2021,18
Spain,ESP,2017,18
Sweden,SWE,2017,18
Turkey,TUR,2022,18
United Kingdom,GBR,1984,18
United States,USA,1959,18
Argentina,ARG,2020,19
Australia,AUS,2017,19
Brazil,BRA,2011,19
Canada,CAN,1992,19
European Space Agency,,1979,19
Eutelsat,,2001,19
Germany,DEU,1990,19
India,IND,1993,19
Indonesia,IDN,2017,19
Italy,ITA,2002,19
Luxembourg,LUX,2010,19
Sweden,SWE,2019,19
Switzerland,CHE,2022,19
Taiwan,TWN,2022,19
United Kingdom,GBR,1988,19
Uruguay,URY,2020,19
Argentina,ARG,2021,20
Brazil,BRA,2012,20
Canada,CAN,1995,20
China,CHN,1986,20
France,FRA,1975,20
Germany,DEU,1991,20
Indonesia,IDN,2018,20
Intelsat,,1975,20
Italy,ITA,2004,20
Japan,JPN,1980,20
Norway,NOR,2023,20
South Korea,KOR,2013,20
Sweden,SWE,2022,20
United Arab Emirates,ARE,2022,20
Argentina,ARG,2022,21
Brazil,BRA,2013,21
Canada,CAN,1996,21
Finland,FIN,2022,21
Germany,DEU,1992,21
India,IND,1994,21
Indonesia,IDN,2019,21
Intelsat,,1976,21
Israel,ISR,2017,21
Luxembourg,LUX,2011,21
South Korea,KOR,2015,21
Taiwan,TWN,2023,21
United Kingdom,GBR,1989,21
Argentina,ARG,2023,22
Canada,CAN,1999,22
China,CHN,1987,22
European Space Agency,,1981,22
European Union,,2018,22
Eutelsat,,2002,22
France,FRA,1977,22
Germany,DEU,1993,22
Turkey,TUR,2023,22
United Arab Emirates,ARE,2023,22
Brazil,BRA,2014,23
Canada,CAN,2000,23
Eutelsat,,2003,23
France,FRA,1984,23
India,IND,1995,23
Indonesia,IDN,2023,23
Intelsat,,1978,23
Italy,ITA,2007,23
Japan,JPN,1981,23
Luxembourg,LUX,2012,23
Spain,ESP,2018,23
Uruguay,URY,2021,23
Canada,CAN,2001,24
European Space Agency,,1983,24
European Union,,2021,24
Eutelsat,,2004,24
France,FRA,1985,24
India,IND,1996,24
Intelsat,,1980,24
Israel,ISR,2019,24
Italy,ITA,2008,24
Japan,JPN,1982,24
Luxembourg,LUX,2013,24
Singapore,SGP,2023,24
Australia,AUS,2018,25
European Space Agency,,1985,25
France,FRA,1986,25
Germany,DEU,1994,25
Intelsat,,1981,25
Italy,ITA,2009,25
Spain,ESP,2019,25
Australia,AUS,2019,26
Brazil,BRA,2015,26
Canada,CAN,2002,26
China,CHN,1988,26
Eutelsat,,2006,26
India,IND,1997,26
Israel,ISR,2020,26
Italy,ITA,2010,26
Luxembourg,LUX,2014,26
New Zealand,NZL,2022,26
South Korea,KOR,2017,26
United Kingdom,GBR,1990,26
Brazil,BRA,2016,27
European Space Agency,,1988,27
France,FRA,1988,27
Germany,DEU,1995,27
Intelsat,,1982,27
Italy,ITA,2011,27
Japan,JPN,1983,27
United Kingdom,GBR,1991,27
Eutelsat,,2008,28
Finland,FIN,2023,28
Germany,DEU,1996,28
India,IND,1999,28
Spain,ESP,2020,28
Australia,AUS,2020,29
Canada,CAN,2003,29
European Space Agency,,1989,29
France,FRA,1990,29
India,IND,2000,29
Intelsat,,1983,29
Spain,ESP,2021,29
United Kingdom,GBR,1994,29
Canada,CAN,2004,30
Germany,DEU,1997,30
Israel,ISR,2021,30
Japan,JPN,1984,30
United Kingdom,GBR,1998,30
Brazil,BRA,2017,31
Canada,CAN,2005,31
European Space Agency,,1990,31
Eutelsat,,2009,31
France,FRA,1991,31
India,IND,2001,31
Intelsat,,1984,31
Italy,ITA,2012,31
Belgium,BEL,2017,32
China,CHN,1990,32
European Space Agency,,1991,32
Eutelsat,,2015,32
Italy,ITA,2013,32
Japan,JPN,1985,32
United Kingdom,GBR,1999,32
Uruguay,URY,2022,32
Canada,CAN,2007,33
China,CHN,1991,33
European Space Agency,,1992,33
Eutelsat,,2016,33
France,FRA,1992,33
Germany,DEU,1998,33
India,IND,2002,33
Brazil,BRA,2018,34
Intelsat,,1985,34
Italy,ITA,2014,34
Belgium,BEL,2020,35
China,CHN,1992,35
Germany,DEU,1999,35
Intelsat,,1988,35
Italy,ITA,2015,35
Luxembourg,LUX,2018,35
United States,USA,1960,35
Belgium,BEL,2021,36
Brazil,BRA,2019,36
China,CHN,1993,36
European Space Agency,,1995,36
France,FRA,1993,36
Italy,ITA,2016,36
Japan,JPN,1986,36
Russia,RUS,1962,36
United Kingdom,GBR,2000,36
Australia,AUS,2021,37
India,IND,2003,37
Intelsat,,1989,37
South Korea,KOR,2018,37
United Kingdom,GBR,2001,37
Canada,CAN,2008,38
Germany,DEU,2000,38
India,IND,2004,38
United Kingdom,GBR,2003,38
Belgium,BEL,2023,39
Brazil,BRA,2021,39
European Space Agency,,1997,39
France,FRA,1995,39
Germany,DEU,2001,39
Intelsat,,1990,39
Japan,JPN,1987,39
Luxembourg,LUX,2019,39
South Korea,KOR,2020,39
Canada,CAN,2009,40
European Space Agency,,1998,40
France,FRA,1996,40
Italy,ITA,2017,40
Uruguay,URY,2023,40
China,CHN,1994,41
European Space Agency,,1999,41
France,FRA,1998,41
India,IND,2005,41
Intelsat,,1991,41
Israel,ISR,2022,41
Italy,ITA,2018,41
Japan,JPN,1988,41
United Kingdom,GBR,2005,41
Canada,CAN,2011,42
China,CHN,1995,42
Intelsat,,1992,42
France,FRA,1999,43
Intelsat,,1993,43
South Korea,KOR,2021,43
United Kingdom,GBR,2007,43
Brazil,BRA,2022,44
Canada,CAN,2012,44
France,FRA,2001,44
Germany,DEU,2002,44
Italy,ITA,2019,44
China,CHN,1996,45
European Space Agency,,2000,45
Germany,DEU,2005,45
Intelsat,,1994,45
Israel,ISR,2023,45
Italy,ITA,2020,45
Japan,JPN,1989,45
Brazil,BRA,2023,46
Germany,DEU,2006,46
India,IND,2007,46
United Kingdom,GBR,2008,46
Australia,AUS,2023,47
European Space Agency,,2001,47
France,FRA,2002,47
Luxembourg,LUX,2020,47
Canada,CAN,2013,48
Intelsat,,1995,48
Spain,ESP,2022,48
Germany,DEU,2007,49
United Kingdom,GBR,2009,49
India,IND,2008,50
Intelsat,,1996,50
European Space Agency,,2002,51
South Korea,KOR,2022,51
Canada,CAN,2014,52
China,CHN,1997,52
Italy,ITA,2021,52
Japan,JPN,1990,52
United Kingdom,GBR,2010,52
Russia,RUS,1963,53
Spain,ESP,2023,53
Canada,CAN,2015,54
European Space Agency,,2003,54
France,FRA,2004,54
India,IND,2009,54
Intelsat,,1997,54
Japan,JPN,1991,54
United Kingdom,GBR,2011,54
France,FRA,2005,55
European Space Agency,,2004,56
India,IND,2010,56
Intelsat,,1998,56
Canada,CAN,2016,57
Intelsat,,2008,57
France,FRA,2006,58
Germany,DEU,2008,58
Intelsat,,2011,58
Japan,JPN,1992,58
Luxembourg,LUX,2021,58
United Kingdom,GBR,2012,58
France,FRA,2008,59
Intelsat,,2012,59
Japan,JPN,1993,59
Intelsat,,2014,60
Canada,CAN,2018,62
China,CHN,1998,62
European Space Agency,,2005,62
France,FRA,2009,62
Germany,DEU,2009,62
South Korea,KOR,2023,62
India,IND,2011,63
Italy,ITA,2022,63
Japan,JPN,1994,63
Germany,DEU,2010,64
Canada,CAN,2019,65
European Space Agency,,2008,65
Germany,DEU,2012,65
India,IND,2012,65
United Kingdom,GBR,2013,65
United States,USA,1961,66
Japan,JPN,1995,67
European Space Agency,,2009,70
India,IND,2013,70
Japan,JPN,1996,70
Canada,CAN,2020,71
European Space Agency,,2010,71
France,FRA,2010,71
Germany,DEU,2013,71
Germany,DEU,2014,72
China,CHN,1999,73
European Space Agency,,2011,74
Germany,DEU,2016,74
India,IND,2014,74
Italy,ITA,2023,74
Luxembourg,LUX,2022,74
United Kingdom,GBR,2014,75
Germany,DEU,2017,76
European Space Agency,,2012,77
Japan,JPN,1997,77
India,IND,2015,78
China,CHN,2000,79
Japan,JPN,1998,80
China,CHN,2001,81
Japan,JPN,1999,81
Canada,CAN,2021,82
United Kingdom,GBR,2015,82
European Space Agency,,2013,83
United Kingdom,GBR,2016,83
Japan,JPN,2000,84
European Space Agency,,2014,85
Luxembourg,LUX,2023,86
China,CHN,2002,88
European Space Agency,,2015,88
Germany,DEU,2018,88
Japan,JPN,2001,88
Russia,RUS,1964,88
France,FRA,2011,90
India,IND,2016,90
United Kingdom,GBR,2017,90
Canada,CAN,2022,91
European Space Agency,,2016,92
European Space Agency,,2017,94
France,FRA,2012,95
China,CHN,2003,97
European Space Agency,,2018,98
Japan,JPN,2002,98
Germany,DEU,2019,99
India,IND,2017,99
European Space Agency,,2019,100
Canada,CAN,2023,102
European Space Agency,,2020,102
United Kingdom,GBR,2018,102
France,FRA,2013,103
European Space Agency,,2023,104
Germany,DEU,2020,104
France,FRA,2014,105
Japan,JPN,2003,105
France,FRA,2016,107
Japan,JPN,2004,107
China,CHN,2004,108
France,FRA,2017,109
India,IND,2018,109
France,FRA,2018,111
Japan,JPN,2005,112
Germany,DEU,2021,113
China,CHN,2005,115
United Kingdom,GBR,2019,116
France,FRA,2019,118
Germany,DEU,2022,118
India,IND,2019,119
Germany,DEU,2023,120
United States,USA,1962,121
France,FRA,2020,122
India,IND,2020,122
Japan,JPN,2006,123
India,IND,2021,127
China,CHN,2006,128
Japan,JPN,2007,129
France,FRA,2021,131
Japan,JPN,2008,135
China,CHN,2007,138
India,IND,2022,138
France,FRA,2022,141
India,IND,2023,144
Japan,JPN,2009,147
France,FRA,2023,151
Russia,RUS,1965,152
China,CHN,2008,155
Japan,JPN,2010,156
Japan,JPN,2011,160
China,CHN,2009,163
Japan,JPN,2012,169
Japan,JPN,2013,174
United States,USA,1963,175
China,CHN,2010,183
Russia,RUS,1966,196
Japan,JPN,2014,198
Japan,JPN,2015,202
China,CHN,2011,203
Japan,JPN,2016,213
United Kingdom,GBR,2020,220
China,CHN,2012,229
Japan,JPN,2017,229
United States,USA,1964,246
China,CHN,2013,248
Japan,JPN,2018,248
Russia,RUS,1967,262
Japan,JPN,2019,269
China,CHN,2014,273
Japan,JPN,2020,278
Japan,JPN,2021,302
China,CHN,2015,311
Japan,JPN,2022,314
Japan,JPN,2023,325
Russia,RUS,1968,336
United States,USA,1965,342
China,CHN,2016,349
China,CHN,2017,381
Russia,RUS,1969,406
United States,USA,1966,441
China,CHN,2018,476
Russia,RUS,1970,494
United Kingdom,GBR,2021,509
United States,USA,1967,526
China,CHN,2019,558
United States,USA,1968,587
Russia,RUS,1971,592
United Kingdom,GBR,2022,621
China,CHN,2020,631
United States,USA,1969,649
Russia,RUS,1972,680
United States,USA,1970,680
United States,USA,1971,726
China,CHN,2021,741
United States,USA,1972,763
United Kingdom,GBR,2023,765
Russia,RUS,1973,789
United States,USA,1973,791
United States,USA,1974,810
United States,USA,1975,840
United States,USA,1976,866
Russia,RUS,1974,884
United States,USA,1977,890
China,CHN,2022,923
United States,USA,1978,925
United States,USA,1979,944
United States,USA,1980,960
United States,USA,1981,980
Russia,RUS,1975,995
United States,USA,1982,1000
United States,USA,1983,1025
China,CHN,2023,1051
United States,USA,1984,1056
United States,USA,1985,1086
United States,USA,1986,1097
United States,USA,1987,1107
Russia,RUS,1976,1116
United States,USA,1988,1126
United States,USA,1989,1151
United States,USA,1990,1191
Russia,RUS,1977,1220
United States,USA,1991,1221
United States,USA,1992,1249
United States,USA,1993,1280
United States,USA,1994,1315
Russia,RUS,1978,1339
United States,USA,1995,1355
United States,USA,1996,1396
Russia,RUS,1979,1440
United States,USA,1997,1484
Russia,RUS,1980,1550
United States,USA,1998,1575
United States,USA,1999,1655
Russia,RUS,1981,1674
United States,USA,2000,1711
United States,USA,2001,1745
United States,USA,2002,1778
Russia,RUS,1982,1793
United States,USA,2003,1806
United States,USA,2004,1827
United States,USA,2005,1848
United States,USA,2006,1884
Russia,RUS,1983,1909
United States,USA,2007,1930
United States,USA,2008,1954
United States,USA,2009,1992
Russia,RUS,1984,2024
United States,USA,2010,2027
United States,USA,2011,2056
United States,USA,2012,2089
Russia,RUS,1985,2143
United States,USA,2013,2169
Russia,RUS,1986,2257
United States,USA,2014,2264
United States,USA,2015,2368
Russia,RUS,1987,2373
United States,USA,2016,2473
Russia,RUS,1988,2482
Russia,RUS,1989,2581
Russia,RUS,1990,2677
United States,USA,2017,2759
Russia,RUS,1991,2760
Russia,RUS,1992,2838
Russia,RUS,1993,2897
United States,USA,2018,2949
Russia,RUS,1994,2961
Russia,RUS,1995,2997
Russia,RUS,1996,3025
Russia,RUS,1997,3053
Russia,RUS,1998,3080
Russia,RUS,1999,3095
Russia,RUS,2000,3118
Russia,RUS,2001,3148
Russia,RUS,2002,3167
Russia,RUS,2003,3189
Russia,RUS,2004,3208
Russia,RUS,2005,3227
Russia,RUS,2006,3243
Russia,RUS,2007,3261
Russia,RUS,2008,3282
United States,USA,2019,3311
Russia,RUS,2009,3312
Russia,RUS,2010,3336
Russia,RUS,2011,3360
Russia,RUS,2012,3383
Russia,RUS,2013,3412
Russia,RUS,2014,3447
Russia,RUS,2015,3474
Russia,RUS,2016,3488
Russia,RUS,2017,3513
Russia,RUS,2018,3536
Russia,RUS,2019,3566
Russia,RUS,2020,3590
Russia,RUS,2021,3611
Russia,RUS,2022,3661
Russia,RUS,2023,3723
United States,USA,2020,4295
United States,USA,2021,5527
United States,USA,2022,7466
United States,USA,2023,9632
